Name,Phone,Image
Darshan,+91 987650001,qrc:/Image/Boy.png
Dhanush,+91 987650002,qrc:/Image/Boy.png
Manoj,+91 987650003,qrc:/Image/Boy.png
Arjun,+91 987650004,qrc:/Image/Boy.png
Spider,+91 987650005,qrc:/Image/Boy.png
Ram,+91 987650006,qrc:/Image/Boy.png
Ravi,+91 987650007,qrc:/Image/Boy.png
Ramesh,+91 987650008,qrc:/Image/Boy.png
Prathik,+91 987650009,qrc:/Image/Boy.png
Girish,+91 987650010,qrc:/Image/Boy.png
Chethan,+91 987650011,qrc:/Image/Boy.png
Krish,+91 987650012,qrc:/Image/Boy.png
Dev,+91 987650013,qrc:/Image/Boy.png
Tom,+91 987650014,qrc:/Image/Boy.png
Thor,+91 987650015,qrc:/Image/Boy.png
Nagesh,+91 987650016,qrc:/Image/Boy.png
Naveen,+91 987650017,qrc:/Image/Boy.png
Bharath,+91 987650018,qrc:/Image/Boy.png
Arun,+91 987650019,qrc:/Image/Boy.png
Praju,+91 987650020,qrc:/Image/Boy.png
